"Nestbox","Nest.year","M.band.number","F.band.number","M.mite.status","F.mite.status","Num.mite.per.nest","Egg_Number","Nestling_Number","Avg_Nestling_Weight","Egg_Nestling_Diff","prop.lived","Avg.Nestling.Wing","Avg.Nestling.Tarsus","age.at.measure.day","Nestling.data.notes","M.banding.year","M.banding.month","M.banding.day","F.banding.year","F.banding.month","F.banding.day","M.age","F.age","M.color.combo","F.color.combo","M.species","F.species","Location","area","Nestbox.num","long","lat","elevation.m","omit.from.analysis","notes","nest.status","nest.success"
"CU-119","119-2025","283032065","297010727","0","0",0,6,0,NA,6,0,NA,NA,NA,NA,"2025",5,28,2025,5,28,"ASY","ASY","EYW","YOG","BCCH","BCCH",NA,"CU","119",-105.273,40.0097,1648.99,NA,"","0","0"
"MRS-17","17-2025","305064464","305064463","0","0",0,4,0,NA,4,0,NA,NA,NA,NA,"2025",7,9,2025,7,9,"AHY","AHY","Y","P","MOCH","MOCH","CG","MRS","17",-105.552,40.03676,3095.35,NA,"","0","0"
"SGR-177","177-2025","305017024","305017023","0","0",0,6,0,NA,6,0,NA,NA,NA,NA,"2025",6,17,2025,6,17,"ASY","ASY","NON","BGO","MOCH","MOCH",NA,"SGR","177",-105.478,39.99489,2524.92,NA,"","0","0"
"SGR-183","183-2025","305064524",NA,"0",NA,0,6,0,NA,6,0,NA,NA,NA,NA,"2025",6,19,NA,NA,NA,"AHY",NA,"BPA",NA,"MOCH",NA,"Jon","SGR","183",-105.478,39.99375,2510.82,NA,"","0","0"
"MRS-185","185-2025","297010976","297091574","0","0",0,7,5,12.4,2,0.714285714,34.2,14.52,NA,NA,"2025",6,20,2025,6,20,"ASY","AHY","Bpt_B_M","Ypt_M_G","MOCH","MOCH",NA,"MRS","185",-105.562,40.03906,3181.47,NA,"","0","1"
"MRS-190","190-2025","305064530","305064521","0","0",0,7,5,12.6,2,0.714285714,34,14.82,NA,NA,"2025",6,23,2025,6,23,"AHY","AHY","BP","RY","MOCH","MOCH","Como creek","MRS","190",-105.562,40.039,3180.83,NA,"","0","1"
"MRS-194","194-2025","294018398","291054181","0","0",0,7,5,11.5,2,0.714285714,33,14.84,NA,NA,"2025",6,23,2025,6,23,"ASY","ASY","Ppt_N_M","Ept_M_O","MOCH","MOCH",NA,"MRS","194",-105.536,40.03217,2897.43,NA,"","0","1"
"SGR-203","203-2025","305017045",NA,"1",NA,1,3,0,NA,3,0,NA,NA,NA,NA,"2025",6,17,NA,NA,NA,"ASY",NA,"NRN",NA,"MOCH",NA,"Sugarloaf","SGR","203",-105.464,40.00337,2484.7,1,"female died during incubation","1","0"
"SGR-207","207-2025","305064522","305064523","0","0",0,6,0,NA,6,0,NA,NA,NA,NA,"2025",6,18,2025,6,18,"AHY","AHY","YGP","NOB","MOCH","MOCH","Stroock","SGR","207",-105.476,40.00176,2516.41,NA,"","0","0"
"MRS-209","209-2025","305064366","291054180","0","0",0,7,6,11.75,1,0.857142857,NA,14.76666667,NA,NA,"2025",6,20,2025,6,20,"AHY","ASY","Ept_Y_M","Ypt_P_M","MOCH","MOCH",NA,"MRS","209",-105.567,40.04026,3211.26,NA,"","0","1"
"SGR-210","210-2025","305017046","209037446","0","0",0,8,0,NA,8,0,NA,NA,NA,NA,"2025",6,18,2025,6,18,"ASY","ASY","NOY","OBO","MOCH","MOCH",NA,"SGR","210",-105.463,40.00301,2484.92,NA,"","0","0"
"SGR-230","230-2025","6_19_25_SRP_1","305064525","1","0",1,5,0,NA,5,0,NA,NA,NA,NA,"2025",6,19,2025,6,19,"AHY","AHY","6_19_25_SRP_1","RGP","MOCH","MOCH","Carol","SGR","230",-105.47,40.00189,2520.67,NA,"","1","0"
"SGR-233","233-2025","305064526",NA,"0",NA,0,8,0,NA,8,0,NA,NA,NA,NA,"2025",6,19,NA,NA,NA,"AHY",NA,"OPN",NA,"MOCH",NA,"Carol","SGR","233",-105.47,40.00161,2521.38,NA,"","0","0"
"MRS-3","25-Mar","305017082","305017084","0","0",0,8,8,11.25,0,1,30.875,16.8625,NA,NA,"2025",7,2,2025,7,2,"ASY","ASY","BRN","GAB","MOCH","MOCH",NA,"MRS","3",-105.581,40.04853,3375.08,NA,"","0","1"
"MRS-10","25-Oct","305064325","255022056","0","0",0,6,4,10.875,2,0.666666667,33,15.4,NA,NA,"2025",7,2,2025,7,2,"ASY","ASY","BYN","NOR","MOCH","MOCH",NA,"MRS","10",-105.582,40.04727,3350.07,NA,"","0","1"
"BLD-272","272-2025","305064518","305064517","0","0",0,8,0,NA,8,0,NA,NA,NA,NA,"2025",5,28,2025,5,28,"AHY","AHY","GPR","PBP","BCCH","BCCH","Connie Redack","BLD","272",-105.268,40.04971,1652.1,NA,"","0","0"
"MRS-29","29-2025","297091531",NA,"0",NA,0,7,0,NA,7,0,NA,NA,NA,NA,"2025",7,2,NA,NA,NA,"ASY",NA,"WGA",NA,"MOCH",NA,NA,"MRS","29",-105.581,40.04744,3350.85,NA,"","0","0"
"BLD-291","291-2025","305064513","305064514","0","0",0,4,0,NA,4,0,NA,NA,NA,NA,"2025",5,28,2025,5,28,"AHY","AHY","RAB","YNY","BCCH","BCCH","Nolan Kane","BLD","291",-105.266,40.05094,1650.18,NA,"","0","0"
"BLD-300","300-2025","305064516","305064515","0","0",0,7,0,NA,7,0,NA,NA,NA,NA,"2025",5,28,2025,5,28,"AHY","AHY","PYY","RBN","BCCH","BCCH","Shopnitz","BLD","300",-105.266,40.05086,1650.24,NA,"","0","0"
"MRS-32","32-2025","255022057","305064576","0","0",0,6,0,NA,6,0,NA,NA,NA,NA,"2025",7,2,2025,7,2,"ASY","AHY","GRG","Y","MOCH","MOCH",NA,"MRS","32",-105.569,40.04221,3251.11,NA,"","0","0"
"NED-361","361-2025","305064520","305064519","0","0",0,6,0,NA,6,0,NA,NA,NA,NA,"2025",6,10,2025,6,10,"AHY","AHY","PRY","GGP","MOCH","MOCH","LouAnne's","NED","361",-105.513,39.96611,2562,NA,"","0","0"
"BLD-368","368-2025","JA_5_28_25_1","305064512","1","1",2,7,0,NA,7,0,NA,NA,NA,NA,"2025",5,28,2025,5,28,"AHY","AHY","POX","NGB","MOCH","MOCH","Mark Arnoldy","BLD","368",-105.301,40.03709,1888.25,NA,"","1","0"
"MRS-038","38-2025","305064528","305064598","0","0",0,5,5,12.5,0,1,38.8,15.22,NA,NA,"2025",6,20,2025,6,20,"AHY","AHY","R","B","MOCH","MOCH","C1","MRS","38",-105.569,40.04198,3246.25,NA,"","0","1"
"NED-403","403-2025","6_10_25_SRP_1",NA,"1",NA,1,7,0,NA,7,0,NA,NA,NA,NA,"2025",6,10,NA,NA,NA,"AHY",NA,NA,NA,"MOCH",NA,"Kriss's","NED","403",-105.504,39.95806,2580.49,NA,"","1","0"
"FLG-426","426-2025","305064412","305021950","0","0",0,8,0,NA,8,0,NA,NA,NA,NA,"2025",6,10,2025,6,10,"ASY","ASY","Ppt:MP","Ept:YM","MOCH","MOCH",NA,"FLG","426",-105.326,39.98388,2348.06,NA,"","0","0"
"MRS-49","49-2025","305064575",NA,"0",NA,0,6,0,NA,6,0,NA,NA,NA,NA,"2025",6,30,NA,NA,NA,"AHY",NA,NA,NA,"MOCH",NA,NA,"MRS","49",-105.541,40.03482,3004.79,NA,"","0","0"
"MRS-063","63-2025","297010779","297010780","0","0",0,7,7,11.57142857,0,1,35.42857143,14.82857143,NA,NA,"2025",6,23,2025,6,23,"ASY","ASY","RBB","EEO","MOCH","MOCH",NA,"MRS","63",-105.582,40.04764,3356.64,NA,"","0","1"
"MRS-71","71-2025","297010995","305064578","0","0",0,6,0,NA,6,0,NA,NA,NA,NA,"2025",7,2,2025,7,2,"ASY","AHY","BWB","B","MOCH","MOCH",NA,"MRS","71",-105.581,40.04804,3362.27,NA,"","0","0"
"MRS-080","80-2025","305064311",NA,"0",NA,0,6,0,NA,6,0,NA,NA,NA,NA,"2025",6,23,NA,NA,NA,"ASY",NA,"NAY",NA,"MOCH",NA,NA,"MRS","80",-105.548,40.03699,3066.18,NA,"","0","0"
"MRS-095","95-2025","291054189","305064531","0","0",0,6,0,NA,6,0,NA,NA,NA,NA,"2025",6,23,2025,6,23,"ASY","AHY","Gpt_P_M","OP","MOCH","MOCH",NA,"MRS","95",-105.535,40.03157,2881.7,NA,"","0","0"
"SGR-101","101-2024","255021974","255010909","0","0",0,7,4,10.75,3,0.571428571,22.5,12.325,NA,"small and couple had parasite","2024",6,19,2024,6,19,"AHY","AHY","RYR","RBR","MOCH","MOCH",NA,"SGR","101",-105.531,40.02753,2826.9,NA,"","0","1"
"CU-104","104-2024","255021899",NA,"0",NA,0,8,8,9.5,0,1,33.125,13.675,NA,NA,"2024",6,5,NA,NA,NA,"AHY",NA,"RAR",NA,"BCCH",NA,NA,"CU","104",-105.275,40.0098,1649.36,NA,"","0","1"
"SGR-106","106-2024","301041064","305017017","1","0",1,8,7,11.71428571,1,0.875,33.57142857,16.32857143,NA,NA,"2024",6,25,2024,6,25,"ASY","AHY","ARR","NYY","MOCH","MOCH","Jon's","SGR","106",-105.478,39.99364,2508.57,NA,"","1","1"
"CU-119","119-2024","283032065","297010727","0","0",0,7,6,11.25,1,0.857142857,34.66666667,15.85,NA,NA,"2024",5,20,2024,5,20,"ASY","ASY","EYW","YOG","BCCH","BCCH",NA,"CU","119",-105.273,40.0097,1648.99,NA,"","0","1"
"CU-128","128-2024","291054089","255021801","0","0",0,8,5,10.1,3,0.625,32.8,15.32,NA,NA,"2024",5,20,2024,5,20,"ASY","AHY","VYO","YWB","BCCH","BCCH",NA,"CU","128",-105.273,40.00781,1652.68,NA,"","0","1"
"CU-131","131-2024","283032067","294018367","0","0",0,6,5,12.6,1,0.833333333,37.2,16.94,NA,NA,"2024",5,20,2024,5,20,"ASY","ASY","VYG","BBG","BCCH","BCCH",NA,"CU","131",-105.27,40.00844,1643.81,NA,"","0","1"
"SGR-149","149-2024","305017016","305017015","0","0",0,8,7,11.85714286,1,0.875,36.57142857,16.77142857,NA,NA,"2024",6,25,2024,6,25,"AHY","AHY","RRG","OEB","MOCH","MOCH",NA,"SGR","149",-105.475,39.99219,2506.07,NA,"","0","1"
"SGR-151","151-2024","305017049","305017050","0","0",0,6,3,10.83333333,3,0.5,36,15.06666667,NA,NA,"2024",6,22,2024,6,22,"AHY","AHY","OBB","GYR","MOCH","MOCH",NA,"SGR","151",-105.478,39.99573,2535.11,NA,"","0","1"
"SGR-158","158-2024","297010748","291054144","0","0",0,6,6,11.08333333,0,1,31.66666667,16.23333333,NA,NA,"2024",6,15,2024,6,15,"ASY","ASY","RRY","AAO","MOCH","MOCH",NA,"SGR","158",-105.53,40.02744,2820.32,NA,"","0","1"
"MRS-16","16-2024","297010779","297010780","0","0",0,8,8,12.1875,0,1,35.125,15.9125,NA,NA,"2024",7,1,2024,7,1,"ASY","ASY","RBB","EEO","MOCH","MOCH",NA,"MRS","16",-105.581,40.04764,3353.81,NA,"","0","1"
"BLD-161","161-2024","275005503","275005504","0","0",0,5,4,10.625,1,0.8,34,15.75,NA,NA,"2024",5,29,2024,5,31,"AHY","AHY","AON","YGN","BCCH","BCCH",NA,"BLD","161",-105.271,40.04862,1652.97,NA,"","0","1"
"MRS-17","17-2024","305064333","305064334","0","0",0,7,5,11.3,2,0.714285714,33.8,14.08,NA,NA,"2024",7,5,2024,7,5,"AHY","AHY","ONR","BBB","MOCH","MOCH",NA,"MRS","17",-105.583,40.04664,3345.57,NA,"","0","1"
"SGR-171","171-2024","POX171A","297010848","1","0",1,8,5,10.875,3,0.625,32.4,15.58,NA,NA,"2024",6,23,2024,6,23,"AHY","ASY","POX171A","YGO","MOCH","MOCH","Jons","SGR","171",-105.479,39.99502,2537.41,NA,"","1","1"
"SGR-177","177-2024","305017024","305017023","0","0",0,8,5,9,3,0.625,30.2,14.22,NA,NA,"2024",6,30,2024,6,30,"AHY","AHY","NON","BGO","MOCH","MOCH",NA,"SGR","177",-105.478,39.99489,2524.92,NA,"","0","1"
"MRS-18","18-2024","255022055","255022056","0","0",0,7,6,11,1,0.857142857,33.33333333,14.48333333,NA,NA,"2024",7,3,2024,7,3,"AHY","AHY","YGR","NOR","MOCH","MOCH",NA,"MRS","18",-105.583,40.04714,3352.5,NA,"","0","1"
"SGR-186","186-2024","305017047","209037446","0","0",0,8,6,11.5,2,0.75,35.33333333,14.65,NA,NA,"2024",6,22,2024,6,22,"AHY","ASY","RRO","OBO","MOCH","MOCH",NA,"SGR","186",-105.463,40.00348,2482.74,NA,"","0","1"
"SGR-187","187-2024","305017045","305017048","0","0",0,6,5,11.2,1,0.833333333,28.2,15.84,NA,NA,"2024",6,22,2024,6,22,"AHY","AHY","NRN","BAR","MOCH","MOCH",NA,"SGR","187",-105.465,40.00266,2496.14,NA,"","0","1"
"SGR-203","203-2024","POX8",NA,"1",NA,1,5,4,12.25,1,0.8,31,15.425,NA,NA,"2024",6,22,NA,NA,NA,"AHY",NA,"POX8",NA,"MOCH",NA,"Debis","SGR","203",-105.464,40.00337,2484.7,NA,"","1","1"
"SGR-206","206-2024","POX206A",NA,"1",NA,1,5,1,13,4,0.2,32,15.6,NA,NA,"2024",6,18,NA,NA,NA,"AHY",NA,"POX206A",NA,"MOCH",NA,"Stroock","SGR","206",-105.475,40.00169,2515.42,NA,"","1","1"
"SGR-210","210-2024","305017046","291054146","0","0",0,5,4,10.875,1,0.8,33.5,15.6,NA,NA,"2024",6,22,2024,6,22,"AHY","ASY","NOY","YAA","MOCH","MOCH",NA,"SGR","210",-105.463,40.00301,2484.92,NA,"","0","1"
"FLG-217","217-2024","POX3","255021950","1","0",1,9,8,9.5,1,0.888888889,30.5,13.975,NA,NA,"2024",6,14,2024,6,14,"AHY","AHY","POX3","NEY","MOCH","MOCH","Emina","FLG","217",-105.325,39.98435,2350.25,NA,"","1","1"
"SGR-222","222-2024","297010948","297010947","0","0",0,6,6,9.166666667,0,1,33.16666667,15.63333333,NA,NA,"2024",6,19,2024,6,19,"ASY","AHY","EWG","WBA","MOCH","MOCH",NA,"SGR","222",-105.471,40.00228,2517.7,NA,"","0","1"
"SGR-229","229-2024","255021987","255021988","1","0",1,7,7,11,0,1,33.57142857,14.82857143,NA,NA,"2024",6,20,2024,6,20,"AHY","AHY","2550-21987","OBY","MOCH","MOCH","Carols","SGR","229",-105.471,40.00183,2521.36,NA,"","1","1"
"SGR-230","230-2024","305017031","305017032","0","0",0,7,5,12,2,0.714285714,38.8,15.76,NA,NA,"2024",7,2,2024,7,2,"AHY","AHY","OGN","GRN","MOCH","MOCH",NA,"SGR","230",-105.47,40.00189,2520.67,NA,"","0","1"
"FLG-239","239-2024","255022180","255022179","0","0",0,9,9,8.944444444,0,1,28.55555556,13.81111111,NA,NA,"2024",6,18,2024,6,18,"AHY","AHY","RNY","GOR","MOCH","MOCH",NA,"FLG","239",-105.324,39.98502,2347.27,NA,"","0","1"
"MRS-3","24-Mar","305017082","305017084","0","0",0,8,8,11.6875,0,1,33.5,15.85,NA,NA,"2024",7,1,2024,7,1,"AHY","AHY","BRN","GAB","MOCH","MOCH",NA,"MRS","3",-105.581,40.04853,3375.08,NA,"","0","1"
"SGR-253","253-2024","255021925","255021926","0","0",0,8,6,10.25,2,0.75,30.33333333,14.95,NA,NA,"2024",6,8,2024,6,8,"AHY","AHY","NYA","ORN","MOCH","MOCH",NA,"SGR","253",-105.352,40.01523,1962.46,NA,"","0","1"
"SGR-254","254-2024","290040674","255021942","0","0",0,6,4,10.875,2,0.666666667,30.25,14.675,NA,NA,"2024",6,12,2024,6,12,"ASY","AHY","WGP","GAR","MOCH","MOCH",NA,"SGR","254",-105.353,40.01631,1974.73,NA,"","0","1"
"BLD-256","256-2024","297010717","255021908","0","0",0,5,2,11.75,3,0.4,36.5,14.1,NA,NA,"2024",6,8,2024,6,7,"ASY","AHY","YWE","OEA","BCCH","BCCH",NA,"BLD","256",-105.269,40.05032,1654.82,NA,"","0","1"
"BLD-261","261-2024","291054290","291054107","0","0",0,8,8,10,0,1,33.25,14.25,NA,NA,"2024",6,7,2024,6,7,"ASY","ASY","AVO","BYW","BCCH","BCCH",NA,"BLD","261",-105.279,40.002,1699.43,NA,"","0","1"
"BLD-265","265-2024","255021836","POX1","0","1",1,6,6,9.083333333,0,1,33,15.2,NA,NA,"2024",5,27,2024,5,27,"AHY","AHY","WOA","POX1","BCCH","BCCH",NA,"BLD","265",-105.281,40.00343,1693.87,NA,"","1","1"
"BLD-274","274-2024","255022033",NA,"0",NA,0,6,4,12,2,0.666666667,24.25,13.825,NA,NA,"2024",6,28,NA,NA,NA,"AHY",NA,"BRR",NA,"MOCH",NA,NA,"BLD","274",-105.513,40.07965,2930.99,NA,"","0","1"
"BLD-281","281-2024","255021867","255021868","0","0",0,6,6,11.5,0,1,36.16666667,14.75,NA,NA,"2024",6,1,2024,6,1,"AHY","AHY","WWR","BEG","BCCH","BCCH",NA,"BLD","281",-105.263,40.05116,1647.16,NA,"","0","1"
"BLD-286","286-2024","255021812","255021813","0","0",0,5,5,10.8,0,1,35.2,16.44,NA,NA,"2024",5,23,2024,5,23,"AHY","AHY","WGG","NEA","BCCH","BCCH",NA,"BLD","286",-105.281,40.03406,1653.75,NA,"","0","1"
"BLD-290","290-2024","255021849","255021850","0","0",0,5,4,9.375,1,0.8,26.25,14.6,NA,NA,"2024",5,28,2024,5,28,"AHY","AHY","OOY","YRG","BCCH","BCCH",NA,"BLD","290",-105.266,40.0507,1650.19,NA,"","0","1"
"BLD-305","305-2024","255021866","294018377","0","0",0,7,4,10.75,3,0.571428571,33.5,15.1,NA,NA,"2024",6,1,2024,6,1,"AHY","ASY","RGO","EYW","BCCH","BCCH",NA,"BLD","305",-105.268,40.03386,1632.69,NA,"","0","1"
"BLD-321","321-2024","255021810","255021809","0","0",0,6,6,10.5,0,1,35.16666667,15.95,NA,NA,"2024",5,23,2024,5,23,"AHY","AHY","WNA","RGR","BCCH","BCCH",NA,"BLD","321",-105.28,40.04973,1670.74,NA,"","0","1"
"BLD-334","334-2024","255021924","255021923","0","0",0,8,8,10.625,0,1,32.375,15.6125,NA,NA,"2024",6,8,2024,6,8,"AHY","AHY","GNB","GGE","MOCH","MOCH",NA,"BLD","334",-105.29,40.03753,1681.12,NA,"","0","1"
"SGR-338","338-2024","255021986",NA,"0",NA,0,8,7,10.42857143,1,0.875,27.28571429,14.81428571,NA,NA,"2024",6,20,NA,NA,NA,"AHY",NA,"BGN",NA,"MOCH",NA,NA,"SGR","338",-105.354,40.01669,1972.8,NA,"","0","1"
"MRS-34","34-2024","305064325","305064324","0","0",0,8,7,11.85714286,1,0.875,30.14285714,14.74285714,NA,NA,"2024",7,8,2024,7,8,"AHY","AHY","BYN","NBN","MOCH","MOCH",NA,"MRS","34",-105.582,40.04773,3358.39,NA,"","0","1"
"MRS-36","36-2024","255022057",NA,"0",NA,0,10,7,12.14285714,3,0.7,34.14285714,15.8,NA,NA,"2024",7,3,NA,NA,NA,"AHY",NA,"RGG",NA,"MOCH",NA,NA,"MRS","36",-105.569,40.0421,3248.53,NA,"","0","1"
"NED-362","362-2024","305017037","305017038","0","0",0,NA,3,10,NA,NA,27.33333333,13.2,NA,NA,"2024",7,3,2024,7,4,"AHY","AHY","GRO","BNY","MOCH","MOCH",NA,"NED","362",-105.517,39.97086,2616.33,1,"cant find egg number in breeding sheet","0",NA
"BLD-363","363-2024","255021860","255021859","0","0",0,7,7,10.33333333,0,1,32.16666667,14.34285714,NA,NA,"2024",5,31,2024,5,31,"AHY","AHY","EAY","NBW","BCCH","BCCH",NA,"BLD","363",-105.514,39.96,2523.98,NA,"","0","1"
"BLD-372","372-2024","255021842","255021832","0","0",0,6,3,11.16666667,3,0.5,31.33333333,16.1,NA,NA,"2024",5,27,2024,5,27,"AHY","AHY","RRA","BER","BCCH","BCCH",NA,"BLD","372",-105.256,39.98222,1672.08,NA,"","0","1"
"MRS-374","374-2024","294018398","291054181","0","0",0,7,6,11.5,1,0.857142857,33.5,14.26666667,NA,NA,"2024",7,6,2024,7,7,NA,"AHY","Ppt:A_M","Ept:M_O","MOCH","MOCH",NA,"MRS","374",-105.536,40.0309,2878.12,NA,"","0","1"
"NED-392","392-2024","POX392A","297010827","1","0",1,7,7,12.07142857,0,1,32,15.84285714,NA,NA,"2024",6,18,2024,6,18,"AHY","ASY","POX392A","EBR","MOCH","MOCH","Brian Smith","NED","392",-105.496,39.96205,2531.55,NA,"","1","1"
"BLD-397","397-2024","297010750","297010751","0","0",0,7,6,10.16666667,1,0.857142857,35.5,14.7,NA,NA,"2024",6,1,2024,6,1,"ASY","ASY","RBG","YRA","BCCH","BCCH",NA,"BLD","397",-105.292,40.03115,1684.8,NA,"","0","1"
"MRS-402","402-2024","291054266",NA,"0",NA,0,7,6,11.91666667,1,0.857142857,31.16666667,14.68333333,NA,NA,"2024",7,3,NA,NA,NA,"ASY",NA,"VOA",NA,"MOCH",NA,NA,"MRS","402",-105.538,40.03141,2906.91,NA,"","0","1"
"NED-403","403-2024","POX4",NA,"1",NA,1,5,5,11.7,0,1,31.2,15.08,NA,NA,"2024",6,14,NA,NA,NA,"AHY",NA,"POX4",NA,"MOCH",NA,"Kris Hess","NED","403",-105.504,39.95806,2580.49,NA,"","1","1"
"BLD-407","407-2024","255021807","255021808","0","0",0,6,5,11.4,1,0.833333333,37.8,16.58,NA,NA,"2024",5,23,2024,5,24,"AHY","AHY","AAE","no colors","BCCH","BCCH",NA,"BLD","407",-105.307,40.02694,1817.96,NA,"","0","1"
"FLG-423","423-2024","255022178","255022162","0","0",0,7,6,11.5,1,0.857142857,31.5,14.8,NA,NA,"2024",6,18,2024,6,15,"AHY","AHY","ONA","RAG","MOCH","MOCH",NA,"FLG","423",-105.325,39.98337,2349.97,NA,"","0","1"
"FLG-424","424-2024","255022181","POX7","0","1",1,7,6,11.16666667,1,0.857142857,29.83333333,15.1,NA,NA,"2024",6,18,2024,6,18,"AHY","AHY","NGO","POX7","MOCH","MOCH",NA,"FLG","424",-105.325,39.9831,2350.18,NA,"","1","1"
"MRS-44","44-2024","305064311",NA,"0",NA,0,7,6,12.5,1,0.857142857,36,14.61666667,NA,NA,"2024",7,4,NA,NA,NA,"AHY",NA,"NAY",NA,"MOCH",NA,NA,"MRS","44",-105.548,40.03648,3062.49,NA,"","0","1"
"MRS-46","46-2024","305017093",NA,"0",NA,0,9,8,12.125,1,0.888888889,30.5,15.275,NA,NA,"2024",7,1,NA,NA,NA,"AHY",NA,"GNR",NA,"MOCH",NA,NA,"MRS","46",-105.57,40.03973,3218.43,NA,"","0","1"
"MRS-51","51-2024","255022058","255022059","0","0",0,8,8,11.4375,0,1,33,14.1625,NA,NA,"2024",7,3,2024,7,3,"AHY","AHY","RGY","BRO","MOCH","MOCH",NA,"MRS","51",-105.57,40.04082,3233.19,NA,"","0","1"
"MRS-60","60-2024","305017096",NA,"0",NA,0,6,6,12.41666667,0,1,34.83333333,16,NA,NA,"2024",7,2,NA,NA,NA,"AHY",NA,"AGR",NA,"MOCH",NA,NA,"MRS","60",-105.552,40.03676,3095.35,NA,"","0","1"
"MRS-65","65-2024","301041024","305064354","0","0",0,5,3,11.16666667,2,0.6,35.66666667,14,NA,NA,"2024",7,7,2024,7,7,"ASY","AHY","YEW","GAN","MOCH","MOCH",NA,"MRS","65",-105.54,40.03485,3006.52,NA,"","0","1"
"MRS-91","91-2024","305017033","305017034","0","0",0,6,6,11.5,0,1,30.83333333,16.03333333,NA,NA,"2024",7,2,2024,7,2,"AHY","AHY","NBB","ONO","MOCH","MOCH",NA,"MRS","91",-105.54,40.03045,2958.89,NA,"","0","1"
"MRS-92","92-2024","305017036","305017035","0","0",0,5,5,12.2,0,1,34.4,15.86,NA,NA,"2024",7,2,2024,7,2,"AHY","AHY","BBN","ORO","MOCH","MOCH",NA,"MRS","92",-105.541,40.03136,2969.76,NA,"","0","1"
"SGR-101","101-2023","297010748",NA,"0",NA,0,6,5,11.6,1,0.833333333,32.3,16.72,NA,NA,"2023",6,9,NA,NA,NA,"AHY",NA,"RRY",NA,"MOCH",NA,NA,"SGR","101",-105.532,40.0289,2836.78,NA,"","0","1"
"SGR-106","106-2023","POX7",NA,"1",NA,1,7,5,10.3,2,0.714285714,27.6,18.34,NA,NA,"2023",6,14,NA,NA,NA,"AHY",NA,"pox7",NA,"MOCH",NA,"Jon Carrol","SGR","106",-105.478,39.99364,2508.57,NA,"","1","1"
"CU-108","108-2023","297010745",NA,"0",NA,0,6,5,11.3,1,0.833333333,32.8,16.02,NA,NA,"2023",6,8,NA,NA,NA,"AHY",NA,"WOW",NA,"BCCH",NA,NA,"CU","108",-105.272,40.00765,1650.05,NA,"","0","1"
"CU-125","125-2023","294018376","297010727","0","0",0,6,6,12.08333333,0,1,37.83333333,15.86666667,NA,NA,"2023",5,25,2023,6,1,"AHY","AHY","ABE","YOG","BCCH","BCCH",NA,"CU","125",-105.274,40.00971,1647.66,NA,"","0","1"
"SGR-137","137-2023","297010677","297010828","1","0",1,6,6,11.66666667,0,1,30,17.16666667,NA,NA,"2023",6,14,2023,6,14,"ASY","AHY","YGY","EAW","MOCH","MOCH","Jon Carrol","SGR","137",-105.475,39.99323,2507.12,NA,"","1","1"
"SGR-148","148-2023","POX8",NA,"1",NA,1,7,7,11,0,1,24.71428571,16.61428571,NA,NA,"2023",6,16,NA,NA,NA,"AHY",NA,"POX8",NA,"MOCH",NA,"Jon Carrol","SGR","148",-105.479,39.99594,2545.95,NA,"","1","1"
"SGR-151","151-2023","301041064","301041065","0","0",0,3,3,10.83333333,0,1,28.66666667,14.4,NA,NA,"2023",7,7,2023,7,7,"AHY","AHY","ARR","GOA","MOCH","MOCH",NA,"SGR","151",-105.478,39.99573,2535.11,NA,"","0","1"
"SGR-156","156-2023","297010959","297010960","0","0",0,7,5,12.2,2,0.714285714,29.6,17.04,NA,NA,"2023",6,28,2023,6,28,"AHY","AHY","WEB","RYG","MOCH","MOCH",NA,"SGR","156",-105.532,40.02876,2836.45,NA,"","0","1"
"BLD-161","161-2023","297010704","297010703","0","0",0,8,7,12.14285714,1,0.875,35.14285714,17.01428571,NA,NA,"2023",5,25,2023,5,25,"AHY","AHY","ORB","GWR","MOCH","MOCH",NA,"BLD","161",-105.271,40.04862,1652.97,NA,"","0","1"
"SGR-171","171-2023","POX9","297010848","1","0",1,7,4,10.75,3,0.571428571,26.75,16,NA,NA,"2023",6,16,2023,6,16,"AHY","AHY","POX9","YGO","MOCH","MOCH","Jon Carrol","SGR","171",-105.479,39.99502,2537.41,NA,"","1","1"
"SGR-172","172-2023","297010850","297010849","0","0",0,6,1,9.5,5,0.166666667,22,14.9,NA,NA,"2023",6,16,2023,6,16,"AHY","AHY","AYO","BBO","MOCH","MOCH",NA,"SGR","172",-105.479,39.99476,2534.45,NA,"","0","1"
"SGR-175","175-2023","297010926",NA,"0",NA,0,5,0,NA,5,0,NA,NA,NA,NA,"2023",6,24,NA,NA,NA,"AHY",NA,"EBA",NA,"MOCH",NA,NA,"SGR","175",-105.477,39.99522,2523.51,NA,"","0","0"
"SGR-176","176-2023","POX6",NA,"1",NA,1,4,2,11.5,2,0.5,31.5,15.95,NA,NA,"2023",6,14,NA,NA,NA,"AHY",NA,"POX6",NA,"MOCH",NA,"Jon Carrol","SGR","176",-105.475,39.99241,2505.64,NA,"","1","1"
"MRS-194","194-2023","297010866",NA,"0",NA,0,5,0,NA,5,0,NA,NA,NA,NA,"2023",6,19,NA,NA,NA,"AHY",NA,"RRR",NA,"MOCH",NA,NA,"MRS","194",-105.536,40.03217,2897.43,NA,"","0","0"
"MRS-195","195-2023","297010976",NA,"0",NA,0,7,3,11.5,4,0.428571429,25,15.16666667,NA,NA,"2023",7,1,NA,NA,NA,"AHY",NA,"RGB",NA,"MOCH",NA,NA,"MRS","195",-105.537,40.03238,2913.58,NA,"","0","1"
"SGR-222","222-2023","297010948","297010947","0","0",0,6,5,10.9,1,0.833333333,30.8,16.38,NA,NA,"2023",6,27,2023,6,27,"AHY","AHY","EWG","WBA","MOCH","MOCH",NA,"SGR","222",-105.471,40.00228,2517.7,NA,"","0","1"
"SGR-225","225-2023","297010946",NA,"0",NA,0,6,6,12.75,0,1,34,16.68333333,NA,NA,"2023",6,26,NA,NA,NA,"AHY",NA,"RBO",NA,"MOCH",NA,NA,"SGR","225",-105.471,40.00204,2521.5,NA,"","0","1"
"SGR-226","226-2023","POX5",NA,"1",NA,1,7,4,13.125,3,0.571428571,33,17.375,NA,NA,"2023",6,14,NA,NA,NA,"AHY",NA,"POX5",NA,"MOCH",NA,"Stroocks'","SGR","226",-105.474,40.0016,2515.46,NA,"","1","1"
"SGR-227","227-2023","297010764","297010765","0","0",0,7,7,10.85714286,0,1,34.42857143,15.54285714,NA,NA,"2023",6,14,2023,6,14,"ASY","ASY","BEY","OER","BCCH","BCCH",NA,"SGR","227",-105.474,40.00162,2515.34,NA,"","0","1"
"SGR-233","233-2023","297010856",NA,"0",NA,0,8,6,12.16666667,2,0.75,30.66666667,16.76666667,NA,NA,"2023",6,16,NA,NA,NA,"AHY",NA,"GRE",NA,"MOCH",NA,NA,"SGR","233",-105.47,40.00161,2521.38,NA,"","0","1"
"BLD-256","256-2023","297010717","297010716","0","0",0,6,3,11.33333333,3,0.5,38.33333333,15.5,NA,NA,"2023",5,29,2023,5,29,"AHY","AHY","YWE","EWR","BCCH","BCCH",NA,"BLD","256",-105.269,40.05032,1654.82,NA,"","0","1"
"BLD-258","258-2023","297010816","297010817","0","0",0,5,4,11.75,1,0.8,36.75,14.55,NA,NA,"2023",6,5,2023,6,5,"AHY","AHY","RAE","AAR","BCCH","BCCH",NA,"BLD","258",-105.269,40.05072,1653,NA,"","0","1"
"BLD-266","266-2023","294018389","POX2","0","1",1,6,0,NA,6,0,NA,NA,NA,NA,"2023",5,29,2023,5,29,"AHY","AHY","EBE","POX2","BCCH","BCCH",NA,"BLD","266",-105.281,40.00342,1694.03,NA,"","1","0"
"BLD-271","271-2023","297010707","297010706","0","0",0,6,3,12.5,3,0.5,40,18.16666667,NA,NA,"2023",5,25,2023,5,25,"AHY","AHY","ROE","GGW","BCCH","BCCH",NA,"BLD","271",-105.268,40.04966,1652.04,NA,"","0","1"
"NED-274","274-2023","301041015","301041016","0","0",0,6,6,12.58333333,0,1,33.83333333,16.41666667,NA,NA,"2023",6,30,2023,6,30,"AHY","AHY","YBA","WER","MOCH","MOCH",NA,"NED","274",-105.513,40.07965,2930.99,NA,"","0","1"
"29","29-2023","297091531","297091529","0","0",0,7,6,12.25,1,0.857142857,35.83333333,17.23333333,NA,NA,"2023",7,12,2023,7,9,"AHY","AHY","WGA","GRA","MOCH","MOCH",NA,NA,"29",-105.581,40.04744,3350.85,NA,"","0","1"
"BLD-295","295-2023","POX1 (Joel)","297010708","1","0",1,5,5,10.2,0,1,30.1,15.14,NA,NA,"2023",5,25,2023,5,26,"AHY","AHY","POX1","RBW","BCCH","BCCH","Paula Osborne","BLD","295",-105.29,40.03711,1680.15,NA,"","1","1"
"BLD-305","305-2023","294018390","294018377","0","0",0,5,5,11.375,0,1,39,17,NA,NA,"2023",5,31,2023,5,25,"AHY","AHY","ERB","EYW","BCCH","BCCH",NA,"BLD","305",-105.268,40.03386,1632.69,NA,"","0","1"
"BLD-326","326-2023","297010724","297010725","0","0",0,6,5,13.1,1,0.833333333,38.2,17.66,NA,NA,"2023",6,1,2023,6,1,"AHY","AHY","OAG","WOE","BCCH","BCCH",NA,"BLD","326",-105.325,39.984,2350.14,NA,"","0","1"
"NED-342","342-2023","297010934","297010933","0","0",0,8,6,11.16666667,2,0.75,28.66666667,16.23333333,NA,NA,"2023",6,25,2023,6,25,"AHY","AHY","GEA","YAE","MOCH","MOCH",NA,"NED","342",-105.483,39.98835,2502.91,NA,"","0","1"
"BLD-343","343-2023","297010736","297010737","0","0",0,7,6,12.25,1,0.857142857,36.5,15.15,NA,NA,"2023",6,5,2023,6,5,"AHY","AHY","GBW","YRR","BCCH","BCCH",NA,"BLD","343",-105.27,40.03874,1636.95,NA,"","0","1"
"BLD-349","349-2023","297010726",NA,"0",NA,0,4,0,NA,4,0,NA,NA,NA,NA,"2023",6,1,NA,NA,NA,"AHY",NA,"OOB",NA,"BCCH",NA,NA,"BLD","349",-105.248,40.00537,1610.51,NA,"","0","0"
"NED-361","361-2023","297010747","297010746","0","0",0,7,2,13.25,5,0.285714286,36,16.85,NA,NA,"2023",6,9,2023,6,9,"AHY","AHY","GWE","RYA","MOCH","MOCH",NA,"NED","361",-105.513,39.96611,2562,NA,"","0","1"
"BLD-365","365-2023","297010751","297010750","0","0",0,7,6,11.16666667,1,0.857142857,35.16666667,14.91666667,NA,NA,"2023",6,9,2023,6,9,"AHY","AHY","YRA","RBG","BCCH","BCCH",NA,"BLD","365",-105.293,40.03114,1701.09,NA,"","0","1"
"NED-378","378-2023","POX3","297010827","1","0",1,8,3,12.66666667,5,0.375,31.33333333,16.53333333,NA,NA,"2023",6,13,2023,6,13,"AHY","AHY","POX3","EBR","MOCH","MOCH","Brian Smith","NED","378",-105.496,39.96197,2537.11,NA,"","1","1"
"MRS-38","38-2023","301041022","301041023","0","0",0,8,8,11.6875,0,1,29,15.4,NA,NA,"2023",7,1,2023,7,1,"AHY","AHY","EAG","RWE","MOCH","MOCH",NA,"MRS","38",-105.542,40.0359,3016.19,NA,"","0","1"
"BLD-387","387-2023","294018388",NA,"0",NA,0,6,6,12.5,0,1,44.16666667,16.33333333,NA,NA,"2023",5,29,NA,NA,NA,"AHY",NA,"AAY",NA,"BCCH",NA,NA,"BLD","387",-105.256,39.98222,1672.08,NA,"","0","1"
"BLD-389","389-2023","294018397","297010958","0","0",0,8,4,12.625,4,0.5,34.5,17.45,NA,NA,"2023",6,27,2023,6,27,"AHY","AHY","BRY","GGY","MOCH","MOCH",NA,"BLD","389",-105.307,40.02708,1822.5,NA,"","0","1"
"MRS-401","401-2023","301041054",NA,"0",NA,0,6,5,11.5,1,0.833333333,34.2,16.92,NA,NA,"2023",7,5,NA,NA,NA,"AHY",NA,"YBB",NA,"MOCH",NA,NA,"MRS","401",-105.539,40.03139,2927.1,NA,"","0","1"
"NED-404","404-2023","297010877","297010876","0","0",0,NA,4,13,NA,NA,39.75,17.375,NA,NA,"2023",6,21,2023,6,21,"AHY","AHY","YBR","AAB","MOCH","MOCH",NA,"NED","404",-105.504,39.95806,2580.49,1,"unk clutch size","0",NA
"MRS-48","48-2023","297010984","297010985","0","0",0,9,8,11.25,1,0.888888889,32.25,17.2,NA,NA,"2023",7,2,2023,7,2,"AHY","AHY","EER","BWA","MOCH","MOCH",NA,"MRS","48",-105.567,40.04022,3210.54,NA,"","0","1"
"MRS-50","50-2023","297010983","297091504","0","0",0,7,5,10.8,2,0.714285714,33,15.28,NA,NA,"2023",7,2,2023,7,4,"AHY","AHY","EGE","ROO","MOCH","MOCH",NA,"MRS","50",-105.562,40.03906,3181.47,NA,"","0","1"
"MRS-55","55-2023","297010874","297010875","0","0",0,6,5,11.3,1,0.833333333,28.6,16.48,NA,NA,"2023",6,21,2023,6,21,"AHY","AHY","GBA","OYG","MOCH","MOCH",NA,"MRS","55",-105.54,40.03514,3000.97,NA,"","0","1"
"57","57-2023","297091538","297091540","0","0",0,4,2,12,2,0.5,30.5,16.5,NA,NA,"2023",7,17,2023,7,17,"AHY","AHY","ARW","EOY","MOCH","MOCH",NA,NA,"57",-105.543,40.03563,3016.41,NA,"","0","1"
"MRS-59","59-2023","301041024","301041025","0","0",0,7,7,12.57142857,0,1,35.28571429,16.11428571,NA,NA,"2023",7,1,2023,7,1,"AHY","AHY","YEW","BBY","MOCH","MOCH",NA,"MRS","59",-105.541,40.03499,3004.61,NA,"","0","1"
"MRS-60","60-2023","297010786","297010787","0","0",0,5,5,12.4,0,1,33,16.14,NA,NA,"2023",6,28,2023,6,28,"AHY","AHY","ABO","GAW","MOCH","MOCH",NA,"MRS","60",-105.552,40.03676,3095.35,NA,"","0","1"
"MRS-67","67-2023","297091530","297091532","0","0",0,6,5,12.2,1,0.833333333,32.2,17.12,NA,NA,"2023",7,9,2023,7,12,"AHY","AHY","OWA","ERO","MOCH","MOCH",NA,"MRS","67",-105.58,40.04725,3344.24,NA,"","0","1"
"MRS-71","71-2023","297010995",NA,"0",NA,0,7,3,12,4,0.428571429,33,17.33333333,NA,NA,"2023",7,4,NA,NA,NA,"AHY",NA,"BWB",NA,"MOCH",NA,NA,"MRS","71",-105.562,40.03871,3177.14,NA,"","0","1"
"MRS-79","79-2023","297091506","297091505","0","0",0,8,7,11.64285714,1,0.875,35.14285714,17.38571429,NA,NA,"2023",7,4,2023,7,4,"AHY","AHY","OGR","EEG","MOCH","MOCH",NA,"MRS","79",-105.542,40.03543,3012.21,NA,"","0","1"
"MRS-80","80-2023","297010788","297010789","0","0",0,6,4,11.375,2,0.666666667,31,15.875,NA,NA,"2023",6,28,2023,6,28,"AHY","AHY","GRB","EGO","MOCH","MOCH",NA,"MRS","80",-105.548,40.03699,3066.18,NA,"","0","1"
"MRS-83","83-2023","301041052","301041053","0","0",0,7,6,11.75,1,0.857142857,32.33333333,15.33333333,NA,NA,"2023",7,5,2023,7,5,"AHY","AHY","AGE","AGB","MOCH","MOCH",NA,"MRS","83",-105.541,40.02977,2970.83,NA,"","0","1"
"MRS-86","86-2023","297010781","297010782","0","0",0,6,4,12.25,2,0.666666667,33,15.825,NA,NA,"2023",6,27,2023,6,27,"AHY","AHY","OBG","REG","MOCH","MOCH",NA,"MRS","86",-105.54,40.02976,2956.35,NA,"","0","1"
"CU-108","108-2022","291054089","283031941","0","0",0,7,7,10.35714286,0,1,30,16.67142857,NA,NA,"2022",5,27,2022,5,27,"AHY","ASY","VYO","YGO","BCCH","BCCH",NA,"CU","108",-105.272,40.00765,1650.05,NA,"","0","1"
"CU-124","124-2022","283031953","283032000","0","0",0,6,6,10.75,0,1,35,16.18333333,NA,NA,"2022",5,27,2022,5,27,"ASY","ASY","YBW","OBL","BCCH","BCCH",NA,"CU","124",-105.274,40.0098,1646.81,NA,"","0","1"
"SGR-141","141-2022","291053950","291053942","1","0",1,5,1,13.5,4,0.2,39,19.5,NA,NA,"2022",6,20,2022,6,19,"ASY","ASY","OBA","VVO","MOCH","MOCH","Sugarloaf","SGR","141",-105.472,40.00674,2546.42,NA,"","1","1"
"SGR-146","146-2022","291054145","291054144","1","0",1,2,2,12.25,0,1,39,19.65,NA,NA,"2022",6,23,2022,6,23,"AHY","AHY","WBB","AAO","MOCH","MOCH","Sugarloaf","SGR","146",-105.472,40.006,2531.46,NA,"","1","1"
"SGR-148","148-2022","POX4","297010695","1","0",1,3,3,8.5,0,1,21.66666667,16.8,NA,NA,"2022",6,27,2022,6,27,"AHY","AHY","POX4","AOO","MOCH","MOCH","SGR","SGR","148",-105.479,39.99594,2545.95,NA,"","1","1"
"SGR-163","163-2022","POX3","291054147","1","0",1,6,4,10.5,2,0.666666667,39,18.75,NA,NA,"2022",6,24,2022,6,24,"AHY","AHY","POX3","OWW","MOCH","MOCH","SGR","SGR","163",-105.476,39.99364,2502.29,NA,"","1","1"
"SGR-169","169-2022","291054121","291054122","0","0",0,5,4,9.625,1,0.8,28.25,17.675,NA,NA,"2022",6,13,2022,6,13,"AHY","AHY","ABA","OGO","MOCH","MOCH",NA,"SGR","169",-105.479,39.99467,2533.35,NA,"","0","1"
"SGR-171","171-2022","297010637","297010636","0","0",0,6,5,8.8,1,0.833333333,27.8,16.94,NA,NA,"2022",6,15,2022,6,15,"AHY","AHY","WYV","BAV","MOCH","MOCH",NA,"SGR","171",-105.479,39.99502,2537.41,NA,"","0","1"
"MRS-185","185-2022","291054269","294018398","0","0",0,6,4,12.625,2,0.666666667,38.25,19.325,NA,NA,"2022",6,29,2022,6,29,"AHY","AHY","GGB","YWV","MOCH","MOCH",NA,"MRS","185",-105.536,40.03237,2903.19,NA,"","0","1"
"SGR-186","186-2022","291054027","209037446","0","0",0,9,8,9.8125,1,0.888888889,25.375,17.0625,NA,NA,"2022",6,13,2022,6,13,"ASY","ASY","GWV","OBO","MOCH","MOCH",NA,"SGR","186",-105.463,40.00348,2482.74,NA,"","0","1"
"SGR-189","189-2022","297010638","297010639","0","0",0,4,4,11.125,0,1,30.75,18.4,NA,NA,"2022",6,15,2022,6,15,"AHY","AHY","WAV","WWY","MOCH","MOCH",NA,"SGR","189",-105.464,40.00342,2482.72,NA,"","0","1"
"SGR-200","200-2022","POX2","291054131","1","0",1,5,5,9.6,0,1,23.4,16.3,NA,NA,"2022",6,15,2022,6,15,"AHY","AHY","POX2","BOY","MOCH","MOCH","SGR","SGR","200",-105.473,40.00185,2510.21,NA,"","1","1"
"SGR-207","207-2022","291054120","291054119","0","0",0,5,4,8.75,1,0.8,24,15.375,NA,NA,"2022",6,10,2022,6,10,"AHY","AHY","AAA","OWG","BCCH","BCCH",NA,"SGR","207",-105.476,40.00176,2516.41,NA,"","0","1"
"MRS-209","209-2022","291054063","294018399","0","0",0,8,6,13.83333333,2,0.75,38.83333333,19.15,NA,NA,"2022",6,29,2022,6,29,"AHY","AHY","WGO","OAV","MOCH","MOCH",NA,"MRS","209",-105.533,40.03153,2877.21,NA,"","0","1"
"SGR-214","214-2022","297010675","297010678","0","0",0,6,4,10.375,2,0.666666667,33.5,17.725,NA,NA,"2022",6,20,2022,6,22,"AHY","AHY","AVY","VGW","MOCH","MOCH",NA,"SGR","214",-105.475,40.00204,2508.65,NA,"","0","1"
"SGR-222","222-2022","291053990","291053989","0","0",0,7,6,10.75,1,0.857142857,28.66666667,18.11666667,NA,NA,"2022",6,17,2022,6,17,"ASY","ASY","YYW","AGV","MOCH","MOCH",NA,"SGR","222",-105.471,40.00228,2517.7,NA,"","0","1"
"SGR-223","223-2022","297010616","209037494","1","0",1,7,6,10.41666667,1,0.857142857,30.66666667,17.5,NA,NA,"2022",6,11,2022,6,11,"AHY","ASY","unb","ABG","MOCH","MOCH","Sugarloaf","SGR","223",-105.471,40.00156,2520.69,NA,"","1","1"
"SGR-226","226-2022","POX5","291054231","1","1",2,9,6,11.25,3,0.666666667,30.16666667,18.7,NA,NA,"2022",7,1,2022,7,1,"AHY","ASY","POX5","VOY","MOCH","MOCH","SGR","SGR","226",-105.474,40.0016,2515.46,NA,"","1","1"
"BLD-257","257-2022","283031990","291054293","0","0",0,6,3,10.5,3,0.5,30.66666667,16.23333333,NA,NA,"2022",5,31,2022,5,31,"AHY","AHY","AWG","YVO","BCCH","BCCH",NA,"BLD","257",-105.269,40.05069,1652.86,NA,"","0","1"
"BLD-261","261-2022","291054107","291054290","0","0",0,6,4,9,2,0.666666667,26,15.8,NA,NA,"2022",6,1,2022,5,30,"AHY","AHY","BYW","BVO","BCCH","BCCH",NA,"BLD","261",-105.279,40.002,1699.43,NA,"","0","1"
"BLD-266","266-2022","291054105","POX1","0","1",1,6,6,9.041666667,0,1,32.16666667,16.73333333,NA,NA,"2022",6,1,2022,6,1,"AHY","AHY","OAW",NA,"BCCH","BCCH",NA,"BLD","266",-105.281,40.00342,1694.03,NA,"","1","1"
"BLD-270","270-2022","283032037","283032078","0","0",0,5,4,11.625,1,0.8,40.75,17.625,NA,NA,"2022",5,31,2022,5,31,"AHY","ASY","VGA","YOY","BCCH","BCCH",NA,"BLD","270",-105.263,40.041,1632.16,NA,"","0","1"
"BLD-281","281-2022","213017453","213017479","0","0",0,6,4,9.625,2,0.666666667,35,16.25,NA,NA,"2022",5,25,2022,5,25,"ASY","ASY","YYY","VGB","BCCH","BCCH",NA,"BLD","281",-105.263,40.05116,1647.16,NA,"","0","1"
"BLD-291","291-2022","297010615","297010614","0","0",0,6,4,10.375,2,0.666666667,35,16.2,NA,NA,"2022",6,8,2022,6,8,"AHY","AHY","WOY","BWV","BCCH","BCCH",NA,"BLD","291",-105.266,40.05094,1650.18,NA,"","0","1"
"BLD-300","300-2022","291054104","291054103","0","0",0,6,4,10.125,2,0.666666667,31.75,17.475,NA,NA,"2022",5,23,2022,5,23,"AHY","AHY","AGO","GAG","BCCH","BCCH",NA,"BLD","300",-105.266,40.05086,1650.24,NA,"","0","1"
"BLD-326","326-2022","291054101","291054102","0","0",0,5,4,7.625,1,0.8,28.5,14.95,NA,NA,"2022",5,23,2022,5,23,"AHY","AHY","GBA","YBA","BCCH","BCCH",NA,"BLD","326",-105.325,39.984,2350.14,NA,"","0","1"
"BLD-350","350-2022","213017457","213017456","0","0",0,7,5,9.6,2,0.714285714,29.8,16.24,NA,NA,"2022",6,1,2022,6,1,"ASY","ASY","YOA","GYV","BCCH","BCCH",NA,"BLD","350",-105.248,40.00552,1610.37,NA,"","0","1"
"BLD-388","388-2022","291054296","291054297","0","0",0,5,5,9.9,0,1,35.4,16.6,NA,NA,"2022",6,8,2022,6,8,"AHY","AHY","VWW","BGA","BCCH","BCCH",NA,"BLD","388",-105.275,40.02567,1630.09,NA,"","0","1"
"MRS-049","49-2022","unb","291054155","1","0",1,6,0,NA,6,0,NA,NA,NA,NA,"2022",7,7,2022,7,7,"AHY","AHY","unb","OYV","MOCH","MOCH","MRS","MRS","49",-105.541,40.03481,3004.81,NA,"","1","0"
"MRS-080","80-2022","291054241","297010700","0","0",0,8,0,NA,8,0,NA,NA,NA,NA,"2022",7,6,2022,7,6,"ASY","AHY","OOB","VYW","MOCH","MOCH",NA,"MRS","80",-105.548,40.03699,3066.18,NA,"","0","0"
"MRS-88","88-2022","291054243","283031960","0","0",0,7,0,NA,7,0,NA,NA,NA,NA,"2022",6,29,2022,6,29,"AHY","AHY","BAY","GOS","MOCH","MOCH",NA,"MRS","88",-105.537,40.0305,2886.76,NA,"","0","0"
"CU-115","115-2021","283031939","283032011","0","0",0,7,7,11.07142857,0,1,37.14285714,19.91428571,NA,NA,"2021",6,1,2021,6,1,"ASY","ASY","SOG","YPY","BCCH","BCCH",NA,"CU","115",-105.274,40.00907,1651.07,NA,"","0","1"
"SGR-137","137-2021","291053959","291053973","0","0",0,6,4,9.75,2,0.666666667,25,18.95,NA,NA,"2021",6,22,2021,6,24,"AHY","AHY","YVG","BWB","MOCH","MOCH",NA,"SGR","137",-105.475,39.99324,2507.16,NA,"","0","1"
"SGR-146","146-2021","291053941","291053942","0","0",0,7,1,11,6,0.142857143,30,18.3,NA,NA,"2021",6,18,2021,6,18,"AHY","AHY","OYY","VVO","MOCH","MOCH",NA,"SGR","146",-105.531,40.02915,2832.67,NA,"","0","1"
"SGR-150","150-2021","291054257","291054258","0","0",0,5,4,12,1,0.8,38.25,21.075,NA,NA,"2021",7,14,2021,7,14,"AHY","AHY","GOX","AYG","MOCH","MOCH",NA,"SGR","150",-105.477,39.99585,2534.76,NA,"","0","1"
"SGR-154","154-2021","291053950","291053951","0","0",0,7,6,9.416666667,1,0.857142857,26,18.71666667,NA,NA,"2021",6,20,2021,6,20,"AHY","AHY","OBA","WVW","MOCH","MOCH",NA,"SGR","154",-105.532,40.02798,2834.12,NA,"","0","1"
"SGR-175","175-2021","POX 4","291054236","1","0",1,7,4,12.25,3,0.571428571,38.25,20.275,NA,NA,"2021",6,30,2021,6,30,"AHY","AHY","POX 4","VOY","MOCH","MOCH","Jon's","SGR","175",-105.477,39.99522,2523.51,NA,"","1","1"
"SGR-176","176-2021","291053980","291053960","0","0",0,7,6,9.916666667,1,0.857142857,23.41666667,17.91666667,NA,NA,"2021",6,24,2021,6,22,"AHY","AHY","GBB","OGG","MOCH","MOCH",NA,"SGR","176",-105.475,39.99241,2505.64,NA,"","0","1"
"SGR-186","186-2021","291054027","209037446","0","0",0,9,5,10,4,0.555555556,26,18.5,NA,NA,"2021",6,30,2021,6,28,"AHY","ASY","GWV","OBO","MOCH","MOCH",NA,"SGR","186",-105.463,40.00348,2482.74,NA,"","0","1"
"SGR-187","187-2021","POX 5","291054259","1","0",1,5,5,11.2,0,1,35.6,19.7,NA,NA,"2021",7,25,2021,7,25,"AHY","AHY","POX 5","AOB","MOCH","MOCH","Debi's","SGR","187",-105.465,40.00266,2496.14,NA,"","1","1"
"SGR-207","207-2021","291054012","POX 2","0","1",1,9,9,9.444444444,0,1,31.88888889,18.51111111,NA,NA,"2021",6,28,2021,6,28,"AHY","AHY","GWA","POX 2","MOCH","MOCH",NA,"SGR","207",-105.476,40.00176,2516.41,NA,"","1","1"
"SGR-214","214-2021","POX 3","291054231","1","0",1,7,4,12.25,3,0.571428571,33.5,20.9,NA,NA,"2021",6,29,2021,6,29,"AHY","AHY","POX 3","VOY","MOCH","MOCH","Strooks","SGR","214",-105.475,40.00204,2508.65,NA,"","1","1"
"SGR-222","222-2021","291053990","291053989","0","0",0,6,6,9.916666667,0,1,26.16666667,19.18333333,NA,NA,"2021",6,27,2021,6,27,"AHY","AHY","YYW","AGV","MOCH","MOCH",NA,"SGR","222",-105.471,40.00228,2517.7,NA,"","0","1"
"SGR-224","224-2021","283032100","283032099","0","0",0,9,9,9.444444444,0,1,32.77777778,20.16666667,NA,NA,"2021",6,19,2021,6,15,"ASY","ASY","BLP","GOY","MOCH","MOCH",NA,"SGR","224",-105.374,40.0411,2094.27,NA,"","0","1"
"SGR-231","231-2021","291053968","209037494","0","0",0,7,7,10.21428571,0,1,37.85714286,19.74285714,NA,NA,"2021",6,24,2021,6,24,"AHY","ASY","YWW","ABG","MOCH","MOCH",NA,"SGR","231",-105.471,40.00177,2521.18,NA,"","0","1"
"SGR-234","234-2021","POX 1","291053988","1","0",1,8,7,10.64285714,1,0.875,30,20.27142857,NA,NA,"2021",6,27,2021,6,27,"AHY","AHY","POX 1","AYV","MOCH","MOCH","Carol's","SGR","234",-105.47,40.00184,2521.53,NA,"","1","1"
"SGR-253","253-2021","290040674","291054212","0","0",0,7,6,10.25,1,0.857142857,29.83333333,20.98333333,NA,NA,"2021",6,28,2021,6,28,"ASY","AHY","WGP","GOB","MOCH","MOCH",NA,"SGR","253",-105.352,40.01523,1962.46,NA,"","0","1"
"BLD-281","281-2021","213017453","213017479","0","0",0,6,2,11.5,4,0.333333333,39,17.65,NA,NA,"2021",6,2,2021,6,6,"AHY","AHY","YYY","VBG","BCCH","BCCH",NA,"BLD","281",-105.263,40.05116,1647.16,NA,"","0","1"
"BLD-289","289-2021","291053902","213017448","0","0",0,6,4,9.475,2,0.666666667,32.5,17.6,NA,NA,"2021",6,9,2021,5,29,"AHY","ASY","WOG","ABV","BCCH","BCCH",NA,"BLD","289",-105.265,40.05097,1648.75,NA,"","0","1"
"BLD-319","319-2021","291053929","283032091","0","0",0,6,3,11.33333333,3,0.5,39,20.4,NA,NA,"2021",6,14,2021,6,14,"AHY","ASY","VYB","PWP","BCCH","BCCH",NA,"BLD","319",-105.263,40.04079,1630.57,NA,"","0","1"
"BLD-321","321-2021","213017452","213017451","0","0",0,4,3,8.966666667,1,0.75,33.66666667,19.53333333,NA,NA,"2021",6,2,2021,6,2,"AHY","AHY","OOW","YYG","BCCH","BCCH",NA,"BLD","321",-105.28,40.04973,1670.74,NA,"","0","1"
"BLD-326","326-2021","283032005","283032004","0","0",0,6,4,9.225,2,0.666666667,32.25,16.525,NA,NA,"2021",6,4,2021,5,29,"ASY","ASY","YLA","BGW","BCCH","BCCH",NA,"BLD","326",-105.325,39.984,2350.14,NA,"","0","1"
"BLD-333","333-2021","213017497","213017455","0","0",0,5,2,9.2,3,0.4,28,18.35,NA,NA,"2021",6,9,2021,6,3,"AHY","AHY","VAW","YOB","BCCH","BCCH",NA,"BLD","333",-105.268,40.03357,1632.42,NA,"","0","1"
"SGR-336","336-2021","291053997","209037493","0","0",0,7,6,11.25,1,0.857142857,23.5,18.73333333,NA,NA,"2021",6,27,2021,6,27,"AHY","ASY","GAY","WYP","MOCH","MOCH",NA,"SGR","336",-105.355,40.0166,1962.42,NA,"","0","1"
"BLD-349","349-2021","213017457","213017456","0","0",0,6,5,10.56,1,0.833333333,33,19.6,NA,NA,"2021",6,3,2021,6,3,"AHY","AHY","YOA","GYV","BCCH","BCCH",NA,"BLD","349",-105.248,40.00537,1610.51,NA,"","0","1"
"BLD-365","365-2021","291053914","291053915","0","0",0,5,5,11.2,0,1,36.8,19.22,NA,NA,"2021",6,10,2021,6,10,"AHY","AHY","WVG","VYY","BCCH","BCCH",NA,"BLD","365",-105.293,40.03114,1701.09,NA,"","0","1"
"BLD-384","384-2021","283032093","283032092","0","0",0,5,5,12.8,0,1,33.6,19.86,NA,NA,"2021",6,29,2021,6,29,"ASY","ASY","GPA","BWO","MOCH","MOCH",NA,"BLD","384",-105.307,40.02742,1829.42,NA,"","0","1"
"BLD-398","398-2021","213017458","283032009","0","0",0,7,6,10.91666667,1,0.857142857,43.66666667,18.21666667,NA,NA,"2021",6,3,2021,6,3,"AHY","ASY","YVB","GYY","BCCH","BCCH",NA,"BLD","398",-105.219,40.05494,1591.53,NA,"","0","1"
"MRS-044","44-2021","291054241","291054242","0","0",0,8,7,11.28571429,1,0.875,30.71428571,20.27142857,NA,NA,"2021",7,6,2021,7,6,"AHY","AHY","OOB","AYB","MOCH","MOCH",NA,"MRS","44",-105.548,40.03648,3062.49,NA,"","0","1"
"MRS-089","89-2021","291054251","291054250","0","0",0,5,5,11.3,0,1,35.8,19.46,NA,NA,"2021",7,13,2021,7,13,"AHY","AHY","BXG","WBO","BCCH","BCCH",NA,"MRS","89",-105.537,40.03165,2895.77,NA,"","0","1"
"CU-118","118-2020","283032001","283032000","0","0",0,7,0,NA,7,0,NA,NA,NA,NA,"2020",5,25,2020,5,25,"ASY","AHY","GSW","OBL","BCCH","BCCH","Mackey","CU","118",-105.273,40.0097,1648.99,NA,"","0","0"
"CU-119","119-2020","283031939","283032011","0","0",0,7,5,12.2,2,0.714285714,NA,17.42,12,NA,"2020",5,26,2020,5,26,"AHY","AHY","OGS","YPY","BCCH","BCCH","Woodruff Cottage","CU","119",-105.275,40.00846,1653.67,NA,"","0","1"
"SGR-144","144-2020","209037475",NA,"0",NA,0,6,5,12,1,0.833333333,NA,18.84,12,NA,"2020",6,16,NA,NA,NA,"ASY",NA,"OBS",NA,"MOCH",NA,"Wendy's","SGR","144",-105.532,40.02888,2836.66,NA,"","0","1"
"SGR-165","165-2020","290040675","N/A (Pox)","0","1",1,6,5,9.6,1,0.833333333,NA,18.18,12,NA,"2020",6,18,2020,6,5,NA,NA,"WOO","B","MOCH","MOCH","Debi's","SGR","165",-105.463,40.00288,2485.22,NA,"","1","1"
"SGR-180","180-2020","290040669","209037492","0","0",0,5,5,12.6,0,1,NA,20.06,12,NA,"2020",6,17,2020,5,28,NA,NA,"AWB","YAG","MOCH","MOCH","Jon's","SGR","180",-105.478,39.99566,2534.41,NA,"","0","1"
"SGR-186","186-2020","283031898","209037446","0","0",0,NA,6,11,NA,NA,NA,18.95,12,"Â ","2020",6,29,2020,6,29,"ASY","ASY","WPW","OBO","MOCH","MOCH","Debi's","SGR","186",-105.463,40.00348,2482.74,1,"says noone nests on breeding sheet","0",NA
"MRS-197","197-2020","213017421",NA,"0",NA,0,5,5,11.8,0,1,NA,19.7,NA,"unsure of banding day","2020",7,7,NA,NA,NA,NA,NA,"OOG",NA,"MOCH",NA,"Lower MRS","MRS","197",-105.537,40.03213,2905.35,NA,"","0","1"
"SGR-198","198-2020","283031899","N/A (Pox)","0","1",1,6,4,11.5,2,0.666666667,NA,19.275,12,NA,"2020",6,17,2020,5,29,"ASY",NA,"RRS","G","MOCH","MOCH","Debi's","SGR","198",-105.464,40.00298,2492.23,NA,"","1","1"
"BLD-220","220-2020","290040631","290040632","0","0",0,5,4,10.375,1,0.8,NA,17.7,12,NA,"2020",6,13,2020,6,13,NA,NA,"WBG","BYP","BCCH","BCCH","Deb Hopkins","BLD","220",-105.464,40.00298,2492.23,NA,"","0","1"
"SGR-234","234-2020","290040642","209037494","0","0",0,8,6,10.66666667,2,0.75,NA,19.1,12,NA,"2020",6,14,2020,6,2,NA,NA,"BOG","ABG","MOCH","MOCH","Carol's","SGR","234",-105.47,40.00184,2521.53,NA,"","0","1"
"SGR-236","236-2020","283032100","283032099","0","0",0,8,8,10.875,0,1,NA,18.7375,12,NA,"2020",6,6,2020,6,6,"AHY","AHY","BLP","GOY","MOCH","MOCH","Jon + Danica","SGR","236",-105.324,39.98405,2351.8,NA,"","0","1"
"SGR-244","244-2020","209037485","209037490","0","0",0,7,6,12,1,0.857142857,NA,19.66666667,12,NA,"2020",6,11,2020,5,27,"ASY",NA,"BYO","BGB","MOCH","MOCH","Sue and Carl's","SGR","244",-105.353,40.01536,1944.39,NA,"","0","1"
"SGR-254","254-2020","290040674","209037493","0","0",0,7,4,9.25,3,0.571428571,NA,17.15,12,NA,"2020",6,18,2020,5,29,NA,NA,"WGP","WYP","MOCH","MOCH","Sue and Carl's","SGR","254",-105.353,40.01631,1974.73,NA,"","0","1"
"BLD-256","256-2020","283031991","283031993","0","0",0,7,5,9.6,2,0.714285714,NA,16.3,12,NA,"2020",5,23,2020,5,23,"ASY","ASY","YBO","OWA","BCCH","BCCH","Anie Roche","BLD","256",-105.269,40.05032,1654.82,NA,"","0","1"
"BLD-257","257-2020","283031990","283031992","0","0",0,6,6,11,0,1,NA,17.36666667,12,NA,"2020",5,23,2020,5,23,"AHY","AHY","AWG","OYO","BCCH","BCCH","Creek","BLD","257",-105.269,40.05069,1652.86,NA,"","0","1"
"BLD-266","266-2020","-","283032003","1","0",1,5,5,12.2,0,1,NA,17.16,NA,NA,"2020",5,25,2020,5,25,"ASY","AHY","Pox #1-2020","YWA","BCCH","BCCH","Jeff M","BLD","266",-105.281,40.00342,1694.03,NA,"","1","1"
"BLD-269","269-2020","283032077","283032078","0","0",0,6,5,9,1,0.833333333,NA,15.8,12,NA,"2020",6,3,2020,6,3,"AHY","ASY","AGG","YOY","BCCH","BCCH","David K.","BLD","269",-105.262,40.04074,1629.79,NA,"","0","1"
"BLD-281","281-2020","283031996","283031900","0","0",0,5,4,11.5,1,0.8,NA,17.475,12,NA,"2020",5,24,2020,5,24,"ASY","ASY","GYA","RLO","BCCH","BCCH","Stephanie M","BLD","281",-105.263,40.05116,1647.16,NA,"","0","1"
"BLD-285","285-2020","290040640","290040641","0","0",0,8,4,11.5,4,0.5,NA,17.425,12,"Check avg nest num","2020",6,14,2020,6,14,NA,NA,"YPA","WWG","BCCH","BCCH","Dharma's Garden","BLD","285",-105.271,40.04885,1653.76,NA,"","0","1"
"BLD-289","289-2020","283031923","283031999","0","0",0,5,3,11,2,0.6,NA,17.05,12,"missing one tarsus measurement","2020",5,24,2020,5,24,"ASY","AHY","BWR","GPB","BCCH","BCCH","Shopnitz's","BLD","289",-105.265,40.05097,1648.75,NA,"","0","1"
"BLD-300","300-2020","283031998","283031997","0","0",0,5,4,7.5,1,0.8,NA,15.675,12,NA,"2020",5,24,2020,5,24,NA,"AHY","OGA","WAW","BCCH","BCCH","Shopnitz's","BLD","300",-105.266,40.05086,1650.24,NA,"","0","1"
"BLD-302","302-2020","283031862","283031869","0","0",0,6,4,11.25,2,0.666666667,NA,17.275,12,NA,"2020",5,23,2020,5,24,"AHY",NA,"BLB","SSL","BCCH","BCCH","Shopnitz's","BLD","302",-105.266,40.05065,1649.72,NA,"","0","1"
"BLD-320","320-2020","283032090","283032091","0","0",0,6,4,11.25,2,0.666666667,NA,17.1,12,NA,"2020",6,4,2020,6,4,"AHY","ASY","LGL","PWP","BCCH","BCCH","Erin H.","BLD","320",-105.22,40.0458,1588.51,NA,"","0","1"
"BLD-326","326-2020","283032005","283032004","0","0",0,6,6,10.83333333,0,1,NA,15.75,12,NA,"2020",5,25,2020,5,25,"ASY","ASY","YLA","BGW","BCCH","BCCH","Taiko H.","BLD","326",-105.325,39.984,2350.14,NA,"","0","1"
"BLD-330","330-2020","283031884","290040650","0","0",0,6,4,12.5,2,0.666666667,NA,18.6,12,NA,"2020",6,15,2020,6,15,"ASY",NA,"ROY","GBV","BCCH","BCCH","Kathryn's","BLD","330",-105.272,40.00181,1669.19,NA,"","0","1"
"BLD-347","347-2020","283032013","283032014","0","0",0,4,0,NA,4,0,NA,NA,NA,NA,"2020",5,27,2020,5,27,"ASY","ASY","PSO","YAB","BCCH","BCCH","Cynthia","BLD","347",-105.29,40.00378,1722.04,NA,"","0","0"
"BLD-367","367-2020","283032093","283032092","0","0",0,8,4,11.75,4,0.5,NA,18.375,12,NA,"2020",6,5,2020,6,5,"AHY","AHY","GPA","BWO","MOCH","MOCH","Andrew Mc.","BLD","367",-105.306,40.02723,1793.06,NA,"","0","1"
"BLD-373","373-2020","283031994","283031995","0","0",0,6,4,11,2,0.666666667,NA,15.85,NA,"deformed nestlings, omit","2020",5,24,2020,5,24,"ASY","ASY","AYW","BOO","BCCH","BCCH","Carrie Segil","BLD","373",-105.272,40.05061,1658.75,NA,"","0","1"
"BLD-388","388-2020","283032016","283032015","0","0",0,6,6,9.5,0,1,NA,17,12,NA,"2020",5,27,2020,5,27,"AHY","ASY","YAO","BLW","BCCH","BCCH","Watershed School","BLD","388",-105.275,40.02567,1630.09,NA,"","0","1"
"BLD-398","398-2020","283032012","283032009","0","0",0,6,3,11.33333333,3,0.5,NA,11.83333333,12,"missing one tarsus measurement","2020",5,27,2020,5,26,"AHY","ASY","BWW","GYY","BCCH","BCCH","Marty A","BLD","398",-105.219,40.05494,1591.53,NA,"","0","1"
"CU-108","108-2019","283031940","283031941","0","0",0,7,0,NA,7,0,NA,NA,NA,NA,"2019",6,5,2019,6,5,"AHY","ASY","WLL","YGO","BCCH","BCCH","CU","CU","108",-105.272,40.00765,1650.05,NA,"","0","0"
"CU-113","113-2019","283031953",NA,"0",NA,0,5,4,NA,1,0.8,NA,16.3,NA,NA,"2019",6,10,NA,NA,NA,"ASY",NA,"YBW",NA,"BCCH",NA,"CU","CU","113",-105.272,40.01031,1642.27,NA,"","0","1"
"CU-115","115-2019","283031939",NA,"0",NA,0,5,4,12.0625,1,0.8,NA,17.475,NA,NA,"2019",6,1,NA,NA,NA,"AHY",NA,"OGS",NA,"BCCH",NA,"CU","CU","115",-105.274,40.00907,1651.07,NA,"","0","1"
"CU-125","125-2019","283031938",NA,"0",NA,0,7,4,11.75,3,0.571428571,NA,16.775,12,NA,"2019",6,1,NA,NA,NA,"ASY",NA,"PGY",NA,"BCCH",NA,"CU","CU","125",-105.274,40.00971,1647.66,NA,"","0","1"
"CU-134","134-2019","209037430","209037431","0","0",0,9,7,NA,2,0.777777778,NA,16.31428571,NA,NA,"2019",6,4,2019,6,4,"AHY","AHY","WRW","OOB","BCCH","BCCH","CU","CU","134",-105.27,40.00911,1643.1,NA,"","0","1"
"SGR-158","158-2019","209037475",NA,"0",NA,0,8,3,NA,5,0.375,NA,18.46666667,12,NA,"2019",7,1,NA,NA,NA,"-",NA,"OBS",NA,"MOCH",NA,"SGR","SGR","158",-105.53,40.02744,2820.32,NA,"","0","1"
"BLD-161","161-2019","283031951","283031952","0","0",0,8,7,12,1,0.875,NA,17.94285714,NA,NA,"2019",6,6,2019,6,6,"U","U","YSB","AGO","MOCH","MOCH","BLD","BLD","161",-105.271,40.04862,1652.97,NA,"","0","1"
"SGR-203","203-2019","283031967","N/A (Pox3)","0","1",1,6,5,11.4,1,0.833333333,NA,18.32,NA,NA,"2019",6,21,2019,6,21,"U","U","SSP","-","MOCH","MOCH","SGR","SGR","203",-105.464,40.00337,2484.7,NA,"","1","1"
"SGR-207","207-2019","209037484",NA,"0",NA,0,5,3,NA,2,0.6,NA,18.06666667,12,NA,"2019",7,2,NA,NA,NA,"AHY",NA,"LPY",NA,"BCCH",NA,"SGR","SGR","207",-105.476,40.00176,2516.41,NA,"","0","1"
"218","218-2019","N/A(Pox6)","N/A(Pox5)","1","1",2,3,2,13,1,0.666666667,NA,18.65,NA,NA,"2019",7,22,2019,7,22,"U","U","-","-","MOCH","MOCH","Strooks","SGR","218",-105.475,40.00206,2507.61,NA,"","1","1"
"232","232-2019","N/A(pox4)","209037487","1","0",1,5,2,NA,3,0.4,NA,18.2,NA,NA,"2019",7,7,2019,7,7,"U","U","Pox 4","LAB","MOCH","MOCH","Strooks","SGR","232",-105.475,40.00201,2509.49,NA,"","1","1"
"BLD-272","272-2019","283031924","283031929","0","0",0,5,4,NA,1,0.8,NA,16.8,NA,NA,"2019",5,31,2019,5,31,"ASY","ASY","WPR","BOS","BCCH","BCCH","BLD","BLD","272",-105.268,40.04971,1652.1,NA,"","0","1"
"BLD-274","274-2019","283031916","283031915","0","0",0,5,4,NA,1,0.8,NA,15.425,NA,NA,"2019",5,26,2019,5,26,"AHY","ASY","LPO","RSW","BCCH","BCCH","BLD","BLD","274",-105.513,40.07965,2930.99,NA,"","0","1"
"BLD-277","277-2019","283031923",NA,"0",NA,0,6,2,NA,4,0.333333333,NA,14.95,NA,NA,"2019",5,28,NA,NA,NA,"AHY",NA,"BWR",NA,"BCCH",NA,"BLD","BLD","277",-105.536,40.03142,2881.95,NA,"","0","1"
"BLD-287","287-2019","283031847","283031964","0","0",0,6,5,9.2,1,0.833333333,NA,16.5,NA,NA,"2019",6,14,2019,6,14,"AHY","AHY","RBB","OPY","BCCH","BCCH","BLD","BLD","287",-105.258,39.9796,1685.65,NA,"","0","1"
"BLD-295","295-2019","283031973","283031975","0","0",0,6,2,11,4,0.333333333,NA,16.9,NA,NA,"2019",7,7,2019,7,7,"SY","AHY","BBL","OAO","BCCH","BCCH","BLD","BLD","295",-105.29,40.03711,1680.15,NA,"","0","1"
"BLD-297","297-2019","209037457","209037458","0","0",0,6,6,NA,0,1,NA,18.8,NA,NA,"2019",6,10,2019,6,10,"AHY","ASY","OWL","PBP","BCCH","BCCH","BLD","BLD","297",-105.27,40.03558,1635.28,NA,"","0","1"
"BLD-316","316-2019","283031907","283031908","0","0",0,7,1,NA,6,0.142857143,NA,14.9,NA,NA,"2019",5,25,2019,5,25,"U","ASY","PWB","RSO","BCCH","BCCH","BLD","BLD","316",-105.272,40.04823,1656.89,NA,"","0","1"
"SGR-326","326-2019","209037403",NA,"0",NA,0,6,5,NA,1,0.833333333,NA,17.52,12,NA,"2019",5,30,NA,NA,NA,"U",NA,"YWB",NA,"BCCH",NA,"BLD","BLD","326",-105.325,39.984,2350.14,NA,"","0","1"
"BLD-345","345-2019","209037444",NA,"0",NA,0,6,3,NA,3,0.5,NA,16.23333333,NA,NA,"2019",6,8,NA,NA,NA,"AHY",NA,"SLS",NA,"BCCH",NA,"BLD","BLD","345",-105.289,40.00387,1709.23,NA,"","0","1"
